{"initial_reset_timestamp": 1544963857.462093, "timestamps": [1544963864.395107, 1544963870.648857, 1544963870.9135091, 1544963871.352431, 1544963872.441984, 1544963873.7020411], "episode_lengths": [200, 200, 200, 200, 200, 200], "episode_rewards": [-1029.6674742262528, -1545.4775321684685, -1155.4309854135643, -1585.8969190116097, -1410.3620588241834, -1546.650880250208], "episode_types": ["t", "t", "t", "t", "t", "t", "t"]}